Title,Authors,Year,Journal,DOI
A Bayesian framework for incorporating line data uncertainties into the evaluation of TDLAS traces using spectroscopic fits,"Matthias Bonarens, Clemens Hansemann, Steven Wagner, Johannes Emmert",2025,Journal of Quantitative Spectroscopy and Radiative Transfer,10.1016/j.jqsrt.2025.109526
An accurate determination of O2 A-band line intensities through experiment and theory,"Erin M. Adkins, Sergei N. Yurchenko, Wilfrid Somogyi, Joseph T. Hodges",2025,Journal of Quantitative Spectroscopy and Radiative Transfer,10.1016/j.jqsrt.2025.109412
"Complete set of broadening coefficients and high-order line-shape parameters for N2-broadened CO2 lines, for temperatures ranging from 100 K to 1000 K","H. Tran, L. Denis, M. Lepère, B. Vispoel, N.H. Ngo",2025,Journal of Quantitative Spectroscopy and Radiative Transfer,10.1016/j.jqsrt.2025.109499
"Comprehensive absolute line strengths analysis of the <mml:math xmlns:mml=""http://www.w3.org/1998/Math/MathML"" altimg=""si70.svg"" display=""inline"" id=""d1e2667""><mml:msup><mml:mrow/><mml:mrow><mml:mn>28</mml:mn></mml:mrow></mml:msup></mml:math>SiH<mml:math xmlns:mml=""http://www.w3.org/1998/Math/MathML"" altimg=""si19.svg"" display=""inline"" id=""d1e2675""><mml:msub><mml:mrow/><mml:mrow><mml:mn>4</mml:mn></mml:mrow></mml:msub></mml:math> octad: The 24 sub–bands of the octad in the region of 2600–3400 cm−1","O.N. Ulenikov, O.V. Gromova, E.S. Bekhtereva, N.I. Nikolaeva, E.D. Gorbacheva, V.E. Nikolaeva, C. Sydow, S. Bauerecker",2025,Journal of Quantitative Spectroscopy and Radiative Transfer,10.1016/j.jqsrt.2025.109625
Differential chirped-pulse dual-comb spectroscopy for complex line shape fitting the R(6) manifold of the 2ν3 band of methane,"Jasper R. Stroud, David F. Plusquellic",2025,Journal of Quantitative Spectroscopy and Radiative Transfer,10.1016/j.jqsrt.2025.109454
Effective properties of resonant nanoparticle suspensions: Impact of the elementary volume shape and eigenmodes analysis,"Timothée Guerra, Christophe Sauvan, Jean-Paul Hugonin, Cristina Gila-Vilchez, Iñigo González de Arrieta, Olivier Rozenbaum, Cédric Blanchard",2025,Journal of Quantitative Spectroscopy and Radiative Transfer,10.1016/j.jqsrt.2025.109529
Experimental and theoretical investigation on N2 pressure-induced coefficients of the lowest rotational transitions of HCN,"Francesca Tonolo, Hubert J. Jóźwiak, Luca Bizzocchi, Mattia Melosso, Piotr Wcisło, François Lique, Cristina Puzzarini",2025,Journal of Quantitative Spectroscopy and Radiative Transfer,10.1016/j.jqsrt.2025.109521
Experimental and theoretical study of line shape parameters for nitrous oxide absorption lines diluted in nitrogen,"B. Vispoel, R.R. Gamache, M. Lepère",2025,Journal of Quantitative Spectroscopy and Radiative Transfer,10.1016/j.jqsrt.2025.109498
"Line list for the <mml:math xmlns:mml=""http://www.w3.org/1998/Math/MathML"" altimg=""si22.svg"" display=""inline"" id=""d1e3597""><mml:mrow><mml:mi>ν</mml:mi><mml:mn>3</mml:mn></mml:mrow></mml:math>, <mml:math xmlns:mml=""http://www.w3.org/1998/Math/MathML"" altimg=""si22.svg"" display=""inline"" id=""d1e3605""><mml:mrow><mml:mi>ν</mml:mi><mml:mn>3</mml:mn></mml:mrow></mml:math>＋<mml:math xmlns:mml=""http://www.w3.org/1998/Math/MathML"" altimg=""si24.svg"" display=""inline"" id=""d1e3613""><mml:mrow><mml:mi>ν</mml:mi><mml:mn>6</mml:mn></mml:mrow></mml:math>–<mml:math xmlns:mml=""http://www.w3.org/1998/Math/MathML"" altimg=""si24.svg"" display=""inline"" id=""d1e3622""><mml:mrow><mml:mi>ν</mml:mi><mml:mn>6</mml:mn></mml:mrow></mml:math> and 2<mml:math xmlns:mml=""http://www.w3.org/1998/Math/MathML"" altimg=""si22.svg"" display=""inline"" id=""d1e3630""><mml:mrow><mml:mi>ν</mml:mi><mml:mn>3</mml:mn></mml:mrow></mml:math>–<mml:math xmlns:mml=""http://www.w3.org/1998/Math/MathML"" altimg=""si22.svg"" display=""inline"" id=""d1e3638""><mml:mrow><mml:mi>ν</mml:mi><mml:mn>3</mml:mn></mml:mrow></mml:math> bands of methyl fluoride at 9.5 <mml:math xmlns:mml=""http://www.w3.org/1998/Math/MathML"" altimg=""si28.svg"" display=""inline"" id=""d1e3646""><mml:mrow><mml:mi mathvariant=""normal"">μ</mml:mi><mml:mi mathvariant=""normal"">m</mml:mi></mml:mrow></mml:math>","M.V. Khan, D. Jacquemart, M. Guinet, M. Rey, A.V. Nikitin",2025,Journal of Quantitative Spectroscopy and Radiative Transfer,10.1016/j.jqsrt.2025.109525
Line shape parameters of self-broadened CO transitions in the (3-0) overtone band,"Q. Huang, J. Wang, J.-K. Li, Z.-L. Nie, A.-W. Liu, Y. Tan, S.-M. Hu",2025,Journal of Quantitative Spectroscopy and Radiative Transfer,10.1016/j.jqsrt.2025.109483
MARFA: An effective line-by-line tool for calculating molecular absorption in planetary atmospheres,"Mikhail Razumovskiy, Boris Fomin, Denis Astanin",2025,Journal of Quantitative Spectroscopy and Radiative Transfer,10.1016/j.jqsrt.2025.109599
Measurements and calculations of H2O broadened by CO2 collisional parameters for planetary atmospheres,"É. Ducreux, B. Vispoel, B. Grouiez, R.R. Gamache, M. Lepère, S. Robert, L. Régalia",2025,Journal of Quantitative Spectroscopy and Radiative Transfer,10.1016/j.jqsrt.2025.109576
Measurements of H2O-N2 line shape parameters and the determination of the intermolecular potential for complex Robert-Bonamy-Ma calculations,"Robert R. Gamache, Keeyoon Sung, Bastien Vispoel, Nicholas G. Orphanos, Geoffrey C. Toon",2025,Journal of Quantitative Spectroscopy and Radiative Transfer,10.1016/j.jqsrt.2025.109570
Methyl bromide spectral lines broadening by collision with N2,"Ikbel Majdi, Driss ben Abdallah, Jamel Salem, Muneerah Mogren Al-Mogren, Hassen Aroui, Majdi Hochlaf",2025,Journal of Quantitative Spectroscopy and Radiative Transfer,10.1016/j.jqsrt.2025.109624
Mid-infrared high-resolution dual-comb spectroscopy: Line shape parameters of CO2-broadened transitions in the ν4 band of methane,"Jean Clément, Bastien Vispoel, Olivier Browet, Muriel Lepère",2025,Journal of Quantitative Spectroscopy and Radiative Transfer,10.1016/j.jqsrt.2025.109501
"Modulation transfer spectroscopy of <mml:math xmlns:mml=""http://www.w3.org/1998/Math/MathML"" altimg=""si44.svg"" display=""inline"" id=""d1e772""><mml:msup><mml:mrow/><mml:mrow><mml:mn>7</mml:mn></mml:mrow></mml:msup></mml:math>Li D1 line","Leonid Khalutornykh, Sergey Saakyan, Alexander Nazarov, Boris B. Zelener",2025,Journal of Quantitative Spectroscopy and Radiative Transfer,10.1016/j.jqsrt.2025.109594
Shift of the linear polarization angle of light scattered by anisotropic aerosol and hydrosol particles,"Ynon Hefets, Carynelisa Haspel",2025,Journal of Quantitative Spectroscopy and Radiative Transfer,10.1016/j.jqsrt.2025.109593
"Simulated Raman libraries of gaseous CO, H2, N2, O2, CO2, and H2O for high-temperature diagnostics","Johannes Lill, Andreas Dreizler, Dirk Geyer",2025,Journal of Quantitative Spectroscopy and Radiative Transfer,10.1016/j.jqsrt.2025.109449
Simultaneous hyperspectral imaging and pyrometry for multi-phase temperature profiling of energetic composite reactions,"Qinghui Meng, Erik Hagen, Colin Goodman, Mark A. Foster, Michael R. Zachariah",2025,Journal of Quantitative Spectroscopy and Radiative Transfer,10.1016/j.jqsrt.2025.109598
Temperature dependence of the air-broadened line-shape parameters of the 1.27 µm O2-band,"Joscha Klemm, Alain Campargue, Hélène Fleurbaey, Samir Kassi, Daniele Romanini, Didier Mondelain",2025,Journal of Quantitative Spectroscopy and Radiative Transfer,10.1016/j.jqsrt.2025.109448
The CH3D absorption spectrum between 5000 and 6200 cm-1: Empirical line list and rovibrational assignments based on variational calculations,"O. Ben Fathallah, M. Rey, A. Campargue",2025,Journal of Quantitative Spectroscopy and Radiative Transfer,10.1016/j.jqsrt.2025.109531
"The j and k dependencies of N2-, O2-, and air-broadened halfwidths of the CH3CN molecule","Q. Ma, C. Boulet",2025,Journal of Quantitative Spectroscopy and Radiative Transfer,10.1016/j.jqsrt.2024.109265
"The N2-, O2-, and air-broadened halfwidths and line mixing parameters of the N2O molecule and their temperature dependences","Q. Ma, C. Boulet",2025,Journal of Quantitative Spectroscopy and Radiative Transfer,10.1016/j.jqsrt.2025.109628
Theoretical and experimental electron collisions broadening parameters for several Sc II spectral lines of industrial and astrophysical interest,"Lucía Isidoro-García, Isabel de Andrés-García, Juan Porro, Francisco Fernández, Cristóbal Colón",2025,Journal of Quantitative Spectroscopy and Radiative Transfer,10.1016/j.jqsrt.2025.109587
Water vapor line broadening and shift coefficients induced by carbon dioxide in the 8600–9000 cm-1 spectral region,"T.M. Petrova, A.M. Solodov, A.A. Solodov, V.M. Deichuli, N.N. Lavrentieva, A.S. Dudaryonok",2025,Journal of Quantitative Spectroscopy and Radiative Transfer,10.1016/j.jqsrt.2025.109577
"Broadening of He 1083nm, 388.8 nm, 501.6 nm, 587.5 nm, 667.8 nm, 706.5 nm, 728.1 nm lines and of H(α), H(β) and O 777 nm lines in atmospheric pressure helium",Nader Sadeghi,2024,Journal of Quantitative Spectroscopy and Radiative Transfer,10.1016/j.jqsrt.2023.108868
Collisional broadening and pressure shift coefficients for the potassium D1 and D2 transitions in oxygen and carbon dioxide at high temperatures,"Joshua A. Vandervort, Konstantinos Kotsarinis, Spencer C. Barnes, Christopher L. Strand, Ronald K. Hanson",2024,Journal of Quantitative Spectroscopy and Radiative Transfer,10.1016/j.jqsrt.2024.109152
"Collisional broadening and pressure shift of the potassium resonance doublets by nitrogen, helium, and hydrogen at high temperatures","Yiming Ding, Joshua A. Vandervort, Richard S. Freedman, Christopher L. Strand, Mark S. Marley, Ronald K. Hanson",2022,Journal of Quantitative Spectroscopy and Radiative Transfer,10.1016/j.jqsrt.2022.108149
"Line coupling and line mixing effects on calculated widths of symmetric-top molecules with the k-degeneracy: A theoretical study of N2-, O2-, and air-broadened lines of CH3I","C. Boulet, Q. Ma",2022,Journal of Quantitative Spectroscopy and Radiative Transfer,10.1016/j.jqsrt.2022.108273
Temperature-dependence parameters for CH3I-O2 and CH3I-air line-broadening coefficients,"J. Buldyreva, A. Dudaryonok, N. Lavrentieva",2022,Journal of Quantitative Spectroscopy and Radiative Transfer,10.1016/j.jqsrt.2022.108164
"Air-broadening in near-infrared carbon dioxide line shapes: Quantifying contributions from O2, N2, and Ar","Erin M. Adkins, David A. Long, Joseph T. Hodges",2021,Journal of Quantitative Spectroscopy and Radiative Transfer,10.1016/j.jqsrt.2021.107669
"Ammonia line strengths and N2-, O2-, Ar-, He-, and self-broadening coefficients in the v2 band near 10.4 µm","Sulaiman A. Alturaifi, Eric L. Petersen",2021,Journal of Quantitative Spectroscopy and Radiative Transfer,10.1016/j.jqsrt.2021.107516
Assessing surface air pressure sensing using 118 GHz O2-absorption radar system,"Bing Lin, Qilong Min, Yongxiang Hu",2021,Journal of Quantitative Spectroscopy and Radiative Transfer,10.1016/j.jqsrt.2020.107425
"Broadening, shift and narrowing coefficients in the 2ν4 band of NH3 perturbed by O2, N2 and air","N. Maaroufi, F. Hmida, F. Kwabia Tchana, X. Landsheere, H. Aroui",2021,Journal of Quantitative Spectroscopy and Radiative Transfer,10.1016/j.jqsrt.2020.107393
Measurement of pressure shift and broadening coefficients for Ne 3s[3/2]2→3p[5/2]3 transition in Ne and He using diode-laser absorption spectroscopy,"A K Chernyshov, P A Mikheyev, N I Ufimtsev",2021,Journal of Quantitative Spectroscopy and Radiative Transfer,10.1016/j.jqsrt.2020.107368
"N2-, O2- and Air-broadened half-widths and line shifts of methyl chloride in the 10 µm region","O. Ben Fathallah, L. Manceron, N. Dridi, M. Rotger, H. Aroui",2021,Journal of Quantitative Spectroscopy and Radiative Transfer,10.1016/j.jqsrt.2021.107509
"Collisional broadening and shift of five OH A2Σ+←X2Π (0-0) transitions in the Q1-branch, by H2O, O2, CO2, N2 and Ar, at 1220 K","J.J. Girard, S. Clees, R.K. Hanson",2020,Journal of Quantitative Spectroscopy and Radiative Transfer,10.1016/j.jqsrt.2019.106681
Design and performance of an E-band chirped pulse spectrometer for kinetics applications: OCS – He pressure broadening,"Brian M. Hays, Théo Guillaume, Thomas S. Hearne, Ilsa R. Cooke, Divita Gupta, Omar Abdelkader Khedaoui, Sébastien D. Le Picard, Ian R. Sims",2020,Journal of Quantitative Spectroscopy and Radiative Transfer,10.1016/j.jqsrt.2020.107001
H2-pressure broadening and frequency shifts of methane in the v2+v3 band measured in the temperature range between 80 and 370 K,"Keeyoon Sung, V. Malathy Devi, D. Chris Benner, Brian J. Drouin, Timothy J. Crawford, Arlan W. Mantz, Mary Ann H. Smith",2020,Journal of Quantitative Spectroscopy and Radiative Transfer,10.1016/j.jqsrt.2020.107264
O2- and N2-broadening parameters in the ν3 and 2ν3-ν3 bands of methyl chloride,"N. Dridi, L. Manceron, O. Ben Fathallah, M. Rotger, H. Aroui",2020,Journal of Quantitative Spectroscopy and Radiative Transfer,10.1016/j.jqsrt.2020.107180
H2-induced pressure broadening and pressure shift in the P-branch of the ν3 band of CH4 from 300 to 655 K,"Ehsan Gharib-Nezhad, Alan N. Heays, Hans A. Bechtel, James R. Lyons",2019,Journal of Quantitative Spectroscopy and Radiative Transfer,10.1016/j.jqsrt.2019.106649
Measurement of pressure shift and broadening for Ar and Kr 4s[3/2]2 → 4p[5/2]3 transition in rare gases using diode-laser spectroscopy,"A.K. Chernyshov, P.A. Mikheyev, N.I. Ufimtsev",2019,Journal of Quantitative Spectroscopy and Radiative Transfer,10.1016/j.jqsrt.2018.10.010
R-branch line intensities and temperature-dependent line broadening and shift coefficients of the nitric oxide fundamental rovibrational band,"Christopher A. Almodovar, Wey-Wey Su, Christopher L. Strand, Ronald K. Hanson",2019,Journal of Quantitative Spectroscopy and Radiative Transfer,10.1016/j.jqsrt.2019.106612
Temperature dependence of pressure broadening and shift of Rb D2 line,"Yanchao Shi, Wei Zhang, Yi Zhang, Bitao Hu",2019,Journal of Quantitative Spectroscopy and Radiative Transfer,10.1016/j.jqsrt.2019.02.020
"Collisional-induced broadening and shift parameters of OH with Ar and N2 near 308.6 nm, measured at T = 1300–2000 K and P = 20–100 atm","J.J. Girard, R. Choudhary, R.K. Hanson",2018,Journal of Quantitative Spectroscopy and Radiative Transfer,10.1016/j.jqsrt.2018.10.007
High-temperature He- and O2-broadening of the R(12) line in the 1←0 band of carbon monoxide,"Clayton R. Mulvihill, Sulaiman A. Alturaifi, Eric L. Petersen",2018,Journal of Quantitative Spectroscopy and Radiative Transfer,10.1016/j.jqsrt.2018.06.015
Measurements of the broadening and shift parameters of the carbon monoxide spectral lines in the 1–0 band induced by pressure of carbon dioxide,"Yu.G. Borkov, T.M. Petrova, A.M. Solodov, A.A. Solodov",2018,Journal of Quantitative Spectroscopy and Radiative Transfer,10.1016/j.jqsrt.2018.08.031
Pressure broadening and shift coefficients in the ν1 and ν3 bands of NH3,"N. Maaroufi, F. Kwabia Tchana, X. Landsheere, H. Aroui",2018,Journal of Quantitative Spectroscopy and Radiative Transfer,10.1016/j.jqsrt.2018.09.001
"Speed-dependent Voigt lineshape parameter database from dual frequency comb measurements at temperatures up to 1305 K. Part II: Argon-broadened H2O absorption, 6801–7188 cm−1","Jinyu Yang, Paul J. Schroeder, Matthew J. Cich, Fabrizio R. Giorgetta, William C. Swann, Ian Coddington, Nathan R. Newbury, Brian J. Drouin, Gregory B. Rieker",2018,Journal of Quantitative Spectroscopy and Radiative Transfer,10.1016/j.jqsrt.2018.05.040
"Study of Н2О line broadening and shifting by N2 pressure in the 16,600–17,060 cm−1 region using FT-spectrometer with LED source","V.I. Serdyukov, L.N. Sinitsa, S.S. Vasilchenko, N.N. Lavrentieva, A.S. Dudaryonok, A.P. Scherbakov",2018,Journal of Quantitative Spectroscopy and Radiative Transfer,10.1016/j.jqsrt.2018.08.014
"CO2-, He- and H2-broadening coefficients of SO2 for ν1 band and ground state transitions for astrophysical applications","Giorgia Ceselin, Nicola Tasinato, Cristina Puzzarini, Andrea Pietropolli Charmet, Paolo Stoppa, Santi Giorgianni",2017,Journal of Quantitative Spectroscopy and Radiative Transfer,10.1016/j.jqsrt.2017.02.018
Measurement of air-broadening line shape parameters and temperature dependence parameters of H2O lines in the spectral ranges 1850–2280 cm−1 and 2390–4000 cm−1,"J. Loos, M. Birk, G. Wagner",2017,Journal of Quantitative Spectroscopy and Radiative Transfer,10.1016/j.jqsrt.2017.03.033
The ExoMol pressure broadening diet: H2 and He line-broadening parameters,"Emma J. Barton, C. Hill, M. Czurylo, H.Y. Li, A. Hyslop, Sergei N. Yurchenko, Jonathan Tennyson",2017,Journal of Quantitative Spectroscopy and Radiative Transfer,10.1016/j.jqsrt.2017.01.028
High-resolution Fourier transform measurements of air-induced broadening and shift coefficients in the 0002–0000 main isotopologue band of nitrous oxide,"Viktor Werwein, Gang Li, Anton Serdyukov, Jens Brunzendorf, Olav Werhahn, Volker Ebert",2018,Journal of Molecular Spectroscopy,10.1016/j.jms.2017.07.002
"Measurements of the broadening and shift parameters of the water vapor spectral lines in the 10,100–10,800 cm−1 region induced by pressure of carbon dioxide","Yu.G. Borkov, T.M. Petrova, A.M. Solodov, A.A. Solodov",2018,Journal of Molecular Spectroscopy,10.1016/j.jms.2017.10.010
Pressure broadening coefficients in the ν6 band of CH3F in collision with He,"D. Dhib, C. Ayari, E. Raddaoui, P. Soulard, M. Guinet, M. Dhib, H. Aroui",2018,Journal of Molecular Spectroscopy,10.1016/j.jms.2018.07.009
"<mml:math xmlns:mml=""http://www.w3.org/1998/Math/MathML""><mml:mrow><mml:mn>3</mml:mn><mml:mi>d</mml:mi></mml:mrow></mml:math>
-level symmetry between metal layers governing the electronic configuration of 
<mml:math xmlns:mml=""http://www.w3.org/1998/Math/MathML""><mml:msub><mml:mi>Mn</mml:mi><mml:mn>2</mml:mn></mml:msub><mml:mi mathvariant=""normal"">N</mml:mi></mml:math>
 MXenes and enabling modulation between half-metallicity and semiconductivity","Kaiyun Chen, Xue Yan, Junkai Deng, Yuan Yan, Jiabei He, Dongxiao Kan, Wangtu Huo, Le Zhang, Jefferson Zhe Liu",2025,Physical Review B,10.1103/l1lf-d6hc
"A large Stokes shift peptide-based fluorescent probe for Cd2+ and Hg2+ detection in aqueous solution and its applications in bioimaging, real sample, logic gate and smartphone device","Chunmei Pu, Shiyang Li, Xinlin Cao, Jun Chen, Peng Wang, Jiang Wu",2025,Spectrochimica Acta Part A: Molecular and Biomolecular Spectroscopy,10.1016/j.saa.2025.126599
A novel fluorescent probe with large stokes shift based on naphthalimide and phenanthroline for specific detection of Ag+ and its application in living cells imaging,"Chenglu Zhang, Jinghao Guo, Yang Zhang, Cui Liu",2025,Spectrochimica Acta Part A: Molecular and Biomolecular Spectroscopy,10.1016/j.saa.2025.126222
Cluster structure evolution in binary TMS–H2O/D2O mixtures: Insights into molecular interactions,"Xueliang Xu, Xiaokai Liu, Haixin Wang, Wei Zhang, Shenghan Wang, Chenglin Sun",2025,Spectrochimica Acta Part A: Molecular and Biomolecular Spectroscopy,10.1016/j.saa.2025.126508
Construction of a mitochondria-targeted NIR probe with large Stokes shift for real-time monitoring viscosity changes during ferroptosis,"Yongfei Huang, Zifan Gao, Zhefeng Fan",2025,Spectrochimica Acta Part A: Molecular and Biomolecular Spectroscopy,10.1016/j.saa.2025.126488
Dynamic switching of unidirectional radiation without wavelength shift,"Kai Wang, Dezhuan Han, Hong Xiang",2025,Physical Review A,10.1103/c492-c2fs
Electronic structure of a nodal line semimetal candidate TbSbTe,"Iftakhar Bin Elius, Jacob F. Casey, Sabin Regmi, Volodymyr Buturlim, Anup Pradhan Sakhya, Milo Sprague, Mazharul Islam Mondal, Nathan Valadez, Arun K. Kumay, Justin Scrivens, Yenugonda Venkateswara, Shovan Dan, Tetiana Romanova, Arjun K Pathak, Krzysztof Gofryk, Andrzej Ptok, Dariusz Kaczorowski, Madhab Neupane",2025,Physical Review Materials,10.1103/physrevmaterials.9.064202
Emergent topological interfacial states in 3D photonic crystals via half-period structural shifts,"Mengyao Xu, Qinghua He, Wenhui Wang, Feng Liu",2025,Optics Express,10.1364/oe.559822
Fully packaged on-chip ring resonator spectrometer,"Xiaotong He, Jill Arvindbhai Patel, Graham Pennington, Peter McGarvey, Matthew van Niekerk, Stefan Preble, Jaime Cardenas",2025,Optics Express,10.1364/oe.563192
Hyperspectral imaging and machine learning for quality assessment of apples with different bagging types,"Hongyan Zhu, Shuai Qin, Shikai Liang, Min Su, Pengcheng Wang, Yong He",2025,Spectrochimica Acta Part A: Molecular and Biomolecular Spectroscopy,10.1016/j.saa.2025.126443
Imaging-Based Quantum Optomechanics,"C. M. Pluchar, W. He, J. Manley, N. Deshler, S. Guha, D. J. Wilson",2025,Physical Review Letters,10.1103/64xv-3fyx
"Low-temperature and pressure-induced conformational change in Tutton salt K2Ni(H2O)6(SO4)2: Structural, vibrational and magnetic properties combined with DFT calculations","Raí F. Jucá, Tiago S. Pacheco, João G. de Oliveira Neto, Luiz F.L. da Silva, José A.S. da Silva, J. Alves de Lima, Paulo de Tarso C. Freire, Santunu Ghosh, Edinei C. Paiva, João M. Soares, Gilberto D. Saraiva",2025,Spectrochimica Acta Part A: Molecular and Biomolecular Spectroscopy,10.1016/j.saa.2025.126486
"Measurement of elliptic flow of 
<mml:math xmlns:mml=""http://www.w3.org/1998/Math/MathML""><mml:mrow><mml:mi>J</mml:mi><mml:mo>/</mml:mo><mml:mi>ψ</mml:mi></mml:mrow></mml:math>
 in 
<mml:math xmlns:mml=""http://www.w3.org/1998/Math/MathML""><mml:mrow><mml:msqrt><mml:msub><mml:mi>s</mml:mi><mml:mrow><mml:mi>N</mml:mi><mml:mi>N</mml:mi></mml:mrow></mml:msub></mml:msqrt><mml:mo>=</mml:mo><mml:mn>200</mml:mn><mml:mspace width=""0.16em""/><mml:mi>GeV</mml:mi></mml:mrow><mml:mspace width=""4pt""/><mml:mrow><mml:mi>Au</mml:mi><mml:mo>+</mml:mo><mml:mi>Au</mml:mi></mml:mrow></mml:math>
 collisions at forward rapidity","N. J. Abdulameer, U. Acharya, A. Adare, C. Aidala, N. N. Ajitanand, Y. Akiba, M. Alfred, S. Antsupov, K. Aoki, N. Apadula, H. Asano, C. Ayuso, B. Azmoun, V. Babintsev, M. Bai, N. S. Bandara, B. Bannier, E. Bannikov, K. N. Barish, S. Bathe, A. Bazilevsky, M. Beaumier, S. Beckman, R. Belmont, A. Berdnikov, Y. Berdnikov, L. Bichon, B. Blankenship, D. S. Blau, M. Boer, J. S. Bok, V. Borisov, K. Boyle, M. L. Brooks, J. Bryslawskyj, V. Bumazhnov, C. Butler, S. Campbell, V. Canoa Roman, C.-H. Chen, D. Chen, C. Y. Chi, M. Chiu, I. J. Choi, J. B. Choi, T. Chujo, Z. Citron, M. Connors, R. Corliss, M. Csanád, T. Csörgő, L. D. Liu, T. W. Danley, A. Datta, M. S. Daugherity, G. David, K. DeBlasio, K. Dehmelt, A. Denisov, A. Deshpande, E. J. Desmond, A. Dion, P. B. Diss, V. Doomra, J. H. Do, A. Drees, K. A. Drees, M. Dumancic, J. M. Durham, A. Durum, T. Elder, A. Enokizono, R. Esha, B. Fadem, W. Fan, N. Feege, D. E. Fields, M. Finger, M. Finger, D. Firak, D. Fitzgerald, S. L. Fokin, J. E. Frantz, A. Franz, A. D. Frawley, Y. Fukuda, P. Gallus, C. Gal, P. Garg, H. Ge, F. Giordano, A. Glenn, Y. Goto, N. Grau, S. V. Greene, M. Grosse Perdekamp, T. Gunji, T. Guo, T. Hachiya, J. S. Haggerty, K. I. Hahn, H. Hamagaki, H. F. Hamilton, J. Hanks, S. Y. Han, S. Hasegawa, T. O. S. Haseler, K. Hashimoto, T. K. Hemmick, X. He, J. C. Hill, K. Hill, A. Hodges, R. S. Hollis, K. Homma, B. Hong, T. Hoshino, N. Hotvedt, J. Huang, K. Imai, J. Imrek, M. Inaba, A. Iordanova, D. Isenhower, Y. Ito, D. Ivanishchev, B. Jacak, M. Jezghani, X. Jiang, Z. Ji, B. M. Johnson, V. Jorjadze, D. Jouan, D. S. Jumper, S. Kanda, J. H. Kang, D. Kapukchyan, S. Karthas, D. Kawall, A. V. Kazantsev, J. A. Key, V. Khachatryan, A. Khanzadeev, B. Kimelman, C. Kim, D. J. Kim, E.-J. Kim, G. W. Kim, M. Kim, M. H. Kim, D. Kincses, E. Kistenev, R. Kitamura, J. Klatsky, D. Kleinjan, P. Kline, T. Koblesky, B. Komkov, D. Kotov, L. Kovacs, S. Kudo, K. Kurita, M. Kurosawa, Y. Kwon, J. G. Lajoie, E. O. Lallow, D. Larionova, A. Lebedev, S. Lee, S. H. Lee, M. J. Leitch, Y. H. Leung, N. A. Lewis, S. H. Lim, M. X. Liu, X. Li, X. Li, V.-R. Loggins, S. Lökös, D. A. Loomis, D. Lynch, T. Majoros, Y. I. Makdisi, M. Makek, M. Malaev, A. Manion, V. I. Manko, E. Mannel, H. Masuda, M. McCumber, P. L. McGaughey, D. McGlinchey, C. McKinney, A. Meles, M. Mendoza, A. C. Mignerey, D. E. Mihalik, A. Milov, D. K. Mishra, J. T. Mitchell, M. Mitrankova, Iu. Mitrankov, G. Mitsuka, S. Miyasaka, S. Mizuno, A. K. Mohanty, P. Montuenga, T. Moon, D. P. Morrison, S. I. Morrow, T. V. Moukhanova, B. Mulilo, T. Murakami, J. Murata, A. Mwai, K. Nagai, K. Nagashima, T. Nagashima, J. L. Nagle, M. I. Nagy, I. Nakagawa, H. Nakagomi, K. Nakano, C. Nattrass, P. K. Netrakanti, T. Niida, S. Nishimura, R. Nouicer, N. Novitzky, R. Novotny, T. Novák, G. Nukazuka, A. S. Nyanin, E. O'Brien, C. A. Ogilvie, J. D. Orjuela Koop, M. Orosz, J. D. Osborn, A. Oskarsson, K. Ozawa, R. Pak, V. Pantuev, V. Papavassiliou, J. S. Park, S. Park, M. Patel, S. F. Pate, J.-C. Peng, W. Peng, D. V. Perepelitsa, G. D. N. Perera, D.Yu. Peressounko, C. E. PerezLara, J. Perry, R. Petti, M. Phipps, C. Pinkenburg, R. Pinson, R. P. Pisani, M. Potekhin, A. Pun, M. L. Purschke, J. Rak, B. J. Ramson, I. Ravinovich, K. F. Read, D. Reynolds, V. Riabov, Y. Riabov, D. Richford, T. Rinn, S. D. Rolnick, M. Rosati, Z. Rowan, J. G. Rubin, J. Runchey, B. Sahlmueller, N. Saito, T. Sakaguchi, H. Sako, V. Samsonov, M. Sarsour, K. Sato, S. Sato, B. Schaefer, B. K. Schmoll, K. Sedgwick, R. Seidl, A. Seleznev, A. Sen, R. Seto, P. Sett, A. Sexton, D. Sharma, I. Shein, Z. Shi, T.-A. Shibata, K. Shigaki, M. Shimomura, P. Shukla, A. Sickles, C. L. Silva, D. Silvermyr, B. K. Singh, C. P. Singh, V. Singh, M. Slunečka, K. L. Smith, M. Snowball, R. A. Soltz, W. E. Sondheim, S. P. Sorensen, I. V. Sourikova, P. W. Stankus, M. Stepanov, S. P. Stoll, T. Sugitate, A. Sukhanov, T. Sumita, J. Sun, Z. Sun, S. Syed, J. Sziklai, A. Takeda, A. Taketani, K. Tanida, M. J. Tannenbaum, S. Tarafdar, A. Taranenko, G. Tarnai, R. Tieulent, A. Timilsina, T. Todoroki, M. Tomášek, C. L. Towell, R. Towell, R. S. Towell, I. Tserruya, Y. Ueda, B. Ujvari, H. W. van Hecke, S. Vazquez-Carson, J. Velkovska, M. Virius, V. Vrba, X. R. Wang, Z. Wang, Y. Watanabe, Y. S. Watanabe, F. Wei, A. S. White, C. P. Wong, C. L. Woody, M. Wysocki, B. Xia, L. Xue, C. Xu, Q. Xu, S. Yalcin, Y. L. Yamaguchi, A. Yanovich, P. Yin, I. Yoon, J. H. Yoo, I. E. Yushmanov, H. Yu, W. A. Zajc, A. Zelenski, S. Zhou, L. Zou, ",2025,Physical Review C,10.1103/6pmd-6dwr
Microwave pulse generation with independently-tunable pulse width and repetition rate in actively mode-locked optoelectronic oscillator driven by amplitude-modulated signal,"Yixuan Liu, Yangxue Ma, Zhuoran Wang, Zhen Zeng, Ziwei Xu, Lingjie Zhang, yaowen zhang, Zhang zhiyao, HE-PING LI, Yong Liu",2025,Optics Express,10.1364/oe.569926
Mitochondria-targeting probes with large Stokes shift for detecting Amyloid-β and cellular viscosity changes,"Yingmei Cao, Jing Li, Jinwu Yan",2025,Spectrochimica Acta Part A: Molecular and Biomolecular Spectroscopy,10.1016/j.saa.2025.126378
Modulating exciton transfer pathways via oxidation and n-π* transitions for efficient room-temperature phosphorescence,"Huanling Liu, Yan Wang, Songsong Liu, Lili Lin, Yuzhi Song, Chuan-Kui Wang, Zhen Xie, Jianzhong Fan",2025,Spectrochimica Acta Part A: Molecular and Biomolecular Spectroscopy,10.1016/j.saa.2025.126625
"Nanoscale Conducting and Insulating Domains on 
<mml:math xmlns:mml=""http://www.w3.org/1998/Math/MathML"" display=""inline""><mml:mrow><mml:msub><mml:mrow><mml:mi>YbB</mml:mi></mml:mrow><mml:mrow><mml:mn>6</mml:mn></mml:mrow></mml:msub></mml:mrow></mml:math>","Aaron Coe, Zhi-Huai Zhu, Yang He, Dae-Jeong Kim, Zachary Fisk, Jason D. Hoffman, Jennifer E. Hoffman",2025,Physical Review Letters,10.1103/1cft-d9np
Naphthalimide-based luminogens with bright aggregative-state emission: High-contrast blue-shift mechanofluorochromism and application in ink-free secure information storage,"Kaixin He, Jingjing Wu, Yong Jiang, Yuling Jiang, Hai-feng He, Shouzhi Pu, Zhao Chen",2025,Spectrochimica Acta Part A: Molecular and Biomolecular Spectroscopy,10.1016/j.saa.2025.126424
"NIRS-based detection advances in agriculture: Data enhancement, characteristic wavelength selection and modelling techniques","Yueting Wang, Chunjiang Zhao, Hongwu Tian, Zhen Xing, Xiaolong Yue, Shuai Liu, Yili He, Juekun Bai, Lianglin Hao, Mingyan Zhu, Daming Dong",2025,Spectrochimica Acta Part A: Molecular and Biomolecular Spectroscopy,10.1016/j.saa.2025.126611
Preparation and luminescence study of green lighting MAPbBr<sub>3</sub> perovskite thin films in air environment,"Jia Nie, Guangjun Lu, Jiande Su, Quanfu Li, Fuqian Li, Huahong Zou, Liucheng Gui, Jun Liu, Fengzhen Lv, Qiwei Zhang, Xunjun He",2025,Optics Express,10.1364/oe.561644
"Projectile excitation to the 
<mml:math xmlns:mml=""http://www.w3.org/1998/Math/MathML""><mml:mrow><mml:mn>2</mml:mn><mml:mi>s</mml:mi><mml:mn>2</mml:mn><mml:mi>p</mml:mi></mml:mrow><mml:mo> </mml:mo><mml:mmultiscripts><mml:mi>P</mml:mi><mml:mprescripts/><mml:none/><mml:mn>3</mml:mn></mml:mmultiscripts></mml:math>
 and 
<mml:math xmlns:mml=""http://www.w3.org/1998/Math/MathML""><mml:mmultiscripts><mml:mi>P</mml:mi><mml:mprescripts/><mml:none/><mml:mn>1</mml:mn></mml:mmultiscripts></mml:math>
 autoionizing states in swift collisions of He-like carbon and oxygen mixed-state 
<mml:math xmlns:mml=""http://www.w3.org/1998/Math/MathML""><mml:mrow><mml:mo>(</mml:mo><mml:mn>1</mml:mn><mml:msup><mml:mi>s</mml:mi><mml:mn>2</mml:mn></mml:msup><mml:mo>,</mml:mo><mml:mn>1</mml:mn><mml:mi>s</mml:mi><mml:mn>2</mml:mn><mml:mi>s</mml:mi><mml:mspace width=""0.16em""/><mml:mmultiscripts><mml:mi>S</mml:mi><mml:mprescripts/><mml:none/><mml:mrow><mml:mn>3</mml:mn><mml:mo>,</mml:mo><mml:mn>1</mml:mn></mml:mrow></mml:mmultiscripts><mml:mo>)</mml:mo></mml:mrow></mml:math>
 ion beams with helium","A. Laoutaris, S. Passalidis, S. Nanos, A. Biniskos, E. P. Benis, A. Dubois, T. J. M. Zouros",2025,Physical Review A,10.1103/l6x2-cfs9
Quantum-limited imaging of a nanomechanical resonator with a spatial mode sorter,"M. E. Choi, C. M. Pluchar, W. He, S. Guha, D. J. Wilson",2025,Physical Review Research,10.1103/6msj-wh2f
"Rapid, label-free detection of colorectal cancer with an aberration-free line scanning confocal Raman imager","Changwei Jiao, Miaoliang Chen, Jiaqi Liao, Jialun Li, Ruili Zhang, Sailing He",2025,Spectrochimica Acta Part A: Molecular and Biomolecular Spectroscopy,10.1016/j.saa.2025.126182
Room-Temperature phosphorescent materials constructed based on Cucurbit[8]uril for encryption and anti-counterfeiting,"Li Wu, Shang-Wei Yuan, Xing-Ying Wang, Chun Liu, Xing-Yue Yuan, Yan-Yan Tang, Yi-wen Zhang, Xin Xiao",2025,Spectrochimica Acta Part A: Molecular and Biomolecular Spectroscopy,10.1016/j.saa.2025.126570
"Semi-inclusive direct photon 
<mml:math xmlns:mml=""http://www.w3.org/1998/Math/MathML""><mml:mo>+</mml:mo></mml:math>
 jet and 
<mml:math xmlns:mml=""http://www.w3.org/1998/Math/MathML""><mml:mrow><mml:msup><mml:mi>π</mml:mi><mml:mn>0</mml:mn></mml:msup><mml:mo>+</mml:mo><mml:mi>jet</mml:mi></mml:mrow></mml:math>
 correlations measured in 
<mml:math xmlns:mml=""http://www.w3.org/1998/Math/MathML""><mml:mrow><mml:mi>p</mml:mi><mml:mo>+</mml:mo><mml:mi>p</mml:mi></mml:mrow></mml:math>
 and central 
<mml:math xmlns:mml=""http://www.w3.org/1998/Math/MathML""><mml:mrow><mml:mi>Au</mml:mi><mml:mo>+</mml:mo><mml:mi>Au</mml:mi></mml:mrow></mml:math>
 collisions at 
<mml:math xmlns:mml=""http://www.w3.org/1998/Math/MathML""><mml:mrow><mml:msqrt><mml:msub><mml:mi>s</mml:mi><mml:mrow><mml:mi>N</mml:mi><mml:mi>N</mml:mi></mml:mrow></mml:msub></mml:msqrt><mml:mo>=</mml:mo><mml:mn>200</mml:mn><mml:mspace width=""0.28em""/><mml:mi>GeV</mml:mi></mml:mrow></mml:math>","B. E. Aboona, J. Adam, L. Adamczyk, I. Aggarwal, M. M. Aggarwal, Z. Ahammed, D. M. Anderson, E. C. Aschenauer, S. Aslam, J. Atchison, V. Bairathi, X. Bao, K. Barish, S. Behera, R. Bellwied, P. Bhagat, A. Bhasin, S. Bhatta, S. R. Bhosale, J. Bielcik, J. Bielcikova, J. D. Brandenburg, C. Broodo, X. Z. Cai, H. Caines, M. Calderón de la Barca Sánchez, D. Cebra, J. Ceska, I. Chakaberia, P. Chaloupka, B. K. Chan, Z. Chang, A. Chatterjee, D. Chen, J. Chen, J. H. Chen, Q. Chen, Z. Chen, J. Cheng, Y. Cheng, W. Christie, X. Chu, S. Corey, H. J. Crawford, M. Csanád, G. Dale-Gau, A. Das, I. M. Deppner, A. Deshpande, A. Dhamija, A. Dimri, P. Dixit, X. Dong, J. L. Drachenberg, E. Duckworth, J. C. Dunlop, J. Engelage, G. Eppley, S. Esumi, O. Evdokimov, O. Eyser, R. Fatemi, S. Fazio, Y. Feng, E. Finch, Y. Fisyak, F. A. Flor, C. Fu, T. Fu, C. A. Gagliardi, T. Galatyuk, T. Gao, F. Geurts, N. Ghimire, A. Gibson, K. Gopal, X. Gou, D. Grosnick, A. Gu, A. Gupta, W. Guryn, A. Hamed, X. Han, S. Harabasz, M. D. Harasty, J. W. Harris, H. Harrison-Smith, L. B. Havener, X. H. He, Y. He, N. Herrmann, L. Holub, C. Hu, Q. Hu, Y. Hu, H. Huang, H. Z. Huang, S. L. Huang, T. Huang, Y. Huang, Y. Huang, T. J. Humanic, M. Isshiki, P. M. Jacobs, W. W. Jacobs, A. Jalotra, C. Jena, A. Jentsch, Y. Ji, J. Jia, C. Jin, N. Jindal, X. Ju, E. G. Judd, S. Kabana, D. Kalinkin, K. Kang, D. Kapukchyan, K. Kauder, D. Keane, A. Khanal, Y. V. Khyzhniak, D. P. Kikoła, D. Kincses, I. Kisely, A. Kiselev, A. G. Knospe, H. S. Ko, J. Kołaś, B. Korodi, L. K. Kosarzewski, L. Kumar, M. C. Labonte, R. Lacey, J. M. Landgraf, C. Larson, J. Lauret, A. Lebedev, J. H. Lee, Y. H. Leung, C. Li, D. Li, H-S. Li, H. Li, H. Li, W. Li, X. Li, X. Li, Y. Li, Z. Li, Z. Li, X. Liang, Y. Liang, R. Licenik, T. Lin, Y. Lin, M. A. Lisa, C. Liu, G. Liu, H. Liu, L. Liu, X. Liu, Z. Liu, T. Ljubicic, O. Lomicky, R. S. Longacre, E. M. Loyd, T. Lu, J. Luo, X. F. Luo, L. Ma, R. Ma, Y. G. Ma, D. Mallick, R. Manikandhan, S. Margetis, C. Markert, O. Matonoha, O. Mezhanska, K. Mi, S. Mioduszewski, B. Mohanty, B. Mondal, M. M. Mondal, I. Mooney, J. Mrazkova, M. I. Nagy, C. J. Naim, A. S. Nain, J. D. Nam, M. Nasim, H. Nasrulloh, D. Neff, J. M. Nelson, M. Nie, G. Nigmatkulov, T. Niida, T. Nonaka, G. Odyniec, A. Ogawa, S. Oh, K. Okubo, B. S. Page, S. Pal, A. Pandav, A. Panday, A. K. Pandey, T. Pani, A. Paul, S. Paul, D. Pawlowska, C. Perkins, J. Pluta, B. R. Pokhrel, I. D. Ponce Pinto, M. Posik, S. Prodhan, T. L. Protzman, V. Prozorova, N. K. Pruthi, M. Przybycien, J. Putschke, Z. Qin, H. Qiu, S. K. Radhakrishnan, A. Rana, R. L. Ray, R. Reed, C. W. Robertson, M. Robotkova, M. A. Rosales Aguilar, D. Roy, P. Roy Chowdhury, L. Ruan, A. K. Sahoo, N. R. Sahoo, H. Sako, S. Salur, S. S. Sambyal, J. K. Sandhu, S. Sato, B. C. Schaefer, W. B. Schmidke, N. Schmitz, F-J. Seck, J. Seger, R. Seto, P. Seyboth, N. Shah, P. V. Shanmuganathan, T. Shao, M. Sharma, N. Sharma, R. Sharma, S. R. Sharma, A. I. Sheikh, D. Shen, D. Y. Shen, K. Shen, S. Shi, Y. Shi, F. Si, J. Singh, S. Singha, P. Sinha, M. J. Skoby, N. Smirnov, Y. Söhngen, Y. Song, T. D. S. Stanislaus, M. Stefaniak, Y. Su, M. Sumbera, X. Sun, Y. Sun, B. Surrow, M. Svoboda, Z. W. Sweger, A. C. Tamis, A. H. Tang, Z. Tang, T. Tarnowsky, J. H. Thomas, A. R. Timmins, D. Tlusty, T. Todoroki, D. Torres Valladares, S. Trentalange, P. Tribedy, S. K. Tripathy, T. Truhlar, B. A. Trzeciak, O. D. Tsai, C. Y. Tsang, Z. Tu, J. Tyler, T. Ullrich, D. G. Underwood, G. Van Buren, J. Vanek, I. Vassilievy, F. Videbæk, S. A. Voloshin, G. Wang, J. S. Wang, J. Wang, K. Wang, X. Wang, Y. Wang, Y. Wang, Y. Wang, Z. Wang, A. J. Watroba, J. C. Webb, P. C. Weidenkaff, G. D. Westfall, D. Wielanek, H. Wieman, G. Wilks, S. W. Wissink, R. Witt, J. Wu, J. Wu, X. Wu, X. Wu, B. Xi, Z. G. Xiao, G. Xie, W. Xie, H. Xu, N. Xu, Q. H. Xu, Y. Xu, Y. Xu, Z. Xu, Z. Xu, G. Yan, Z. Yan, C. Yang, Q. Yang, S. Yang, Y. Yang, Z. Ye, Z. Ye, L. Yi, Y. Yu, H. Zbroszczyk, W. Zha, C. Zhang, D. Zhang, J. Zhang, S. Zhang, W. Zhang, X. Zhang, Y. Zhang, Y. Zhang, Y. Zhang, Y. Zhang, Z. Zhang, Z. Zhang, F. Zhao, J. Zhao, M. Zhao, S. Zhou, Y. Zhou, X. Zhu, M. Zurek, M. Zyzaky, ",2025,Physical Review C,10.1103/8b8y-98yh
Single-particle spectral function of the extended Peierls-Hubbard model at half-filling and quarter-filling,"Ren-He Xu, Hantao Lu, Takami Tohyama, Can Shao",2025,Physical Review B,10.1103/mgsz-pykh
Specific imaging of hydrogen sulfide in paw edema mice via a novel near-infrared fluorescent probe with large stokes shift,"Yuqun Shi, Yichang Wang, Gufeng Su, Yang Yu, Chun-Yan Li, Wenxin Wang",2025,Spectrochimica Acta Part A: Molecular and Biomolecular Spectroscopy,10.1016/j.saa.2025.126377
"Target excitation and ionization in 
<mml:math xmlns:mml=""http://www.w3.org/1998/Math/MathML""><mml:mrow><mml:mover accent=""true""><mml:mi>p</mml:mi><mml:mo>¯</mml:mo></mml:mover><mml:mo>+</mml:mo><mml:mi>He</mml:mi><mml:mrow><mml:mo>(</mml:mo><mml:mn>1</mml:mn><mml:msup><mml:mspace width=""0.16em""/><mml:mn>1</mml:mn></mml:msup><mml:mi>S</mml:mi><mml:mo>,</mml:mo><mml:mn>2</mml:mn><mml:msup><mml:mspace width=""0.16em""/><mml:mn>3</mml:mn></mml:msup><mml:mi>S</mml:mi><mml:mo>)</mml:mo></mml:mrow></mml:mrow></mml:math>
 collisions","N. W. Antonio, A. S. Kadyrov",2025,Physical Review A,10.1103/physreva.111.052806
Temporal line-shifting structured light for robust high-precision 3D reconstruction,"Qiyun Zeng, Zhihao Huang, Xiao Yu, Wenqi He, Xiaoli Liu, Xiang Peng, Qijian Tang",2025,Optics Express,10.1364/oe.567108
Triphenylmethane-based single-component Ultralong room temperature phosphorescence,"Yipeng Zhang, Hong Pan, Zhuofan Jiang, Chiming Li, Xianyin Dai, Huaying Lv, Yanqing Ge",2025,Spectrochimica Acta Part A: Molecular and Biomolecular Spectroscopy,10.1016/j.saa.2025.126590
Water-stable Ag (Ⅰ) coordination polymer sensors to selectively and sensitively detect the chlortetracycline via fluorescence red-shift and turn-on effect,"Lingyan Zhao, Dianwei Zhang, Shengnan Wang, Yuanchen Ma, Fenghuan Wang",2025,Spectrochimica Acta Part A: Molecular and Biomolecular Spectroscopy,10.1016/j.saa.2025.126089
"Quantum calculation of the pressure broadening of
            <i>H</i>
            and
            <i>K</i>
            lines of Ca
            <sup>+</sup>
            calcium ion in a gaz of ground-state He helium atoms","Ouissal Smida, Louardi Yandjah, Kamel Alioua",2024,Molecular Physics,10.1080/00268976.2024.2345740
An edoplasmic reticulum-targeted NIR fluorescent probe with a large Stokes shift for hypoxia imaging,"Ting Lan, Nan Ji, Qin-qin Tian, Yu Zhan, Wei He",2023,Spectrochimica Acta Part A: Molecular and Biomolecular Spectroscopy,10.1016/j.saa.2022.122201
"Pressure broadening in Raman spectra of CH4–N2, CH4–CO2, and CH4–C2H6 gas mixtures","Aleksandr S. Tanichev, Dmitry V. Petrov",2023,Spectrochimica Acta Part A: Molecular and Biomolecular Spectroscopy,10.1016/j.saa.2023.122396
Nitrogen dioxide line shift coefficients induced by air pressure,"N. N. Lavrentieva, A. S. Dudaryonok",2022,Molecular Physics,10.1080/00268976.2022.2052370
"Line intensity parameters, He-broadening and line shift coefficients in the 2<i>v</i><sub>2</sub><sup>0</sup> and 3<i>v</i><sub>2</sub><sup>1</sup> − <i>v</i><sub>2</sub><sup>1</sup> bands of OCS","N. Dridi, C. Jellali, F. Hmida, L. Hui, F. Kwabia Tchana, X. Landsheere, K. Hammami, M. Rotger, H. Aroui",2021,Molecular Physics,10.1080/00268976.2021.2010821
Measurements and calculations of air-broadening and shift parameters of water vapour transitions in a wide spectral region,"T. M. Petrova, A. M. Solodov, A. A. Solodov, V. M. Deichuli, V. I. Starikov",2021,Molecular Physics,10.1080/00268976.2021.1906967
"Opposite behavior of ultrafast dynamics of exciton shift and linewidth broadening in bilayer 
<mml:math xmlns:mml=""http://www.w3.org/1998/Math/MathML""><mml:mrow><mml:mi>Re</mml:mi><mml:msub><mml:mi mathvariant=""normal"">S</mml:mi><mml:mn>2</mml:mn></mml:msub></mml:mrow></mml:math>","Sangwan Sim, Ho-Seung Shin, Doeon Lee, Jekwan Lee, Myungjun Cha, Kyusang Lee, Hyunyong Choi",2021,Physical Review B,10.1103/physrevb.103.014309
Research on a method of eliminating the line broadening caused by the wavelength shift based on the first harmonic,"Tang Qi-xing, Zhang Yu-jun, Chen Dong, He Ying",2021,Optics Express,10.1364/oe.442789
